{
  "available": 14473976.130390031,
  "balance": 15236052.380390031,
  "close_profit": -23844.444444444416,
  "commission": 691.4642500000001,
  "ctp_available": NaN,
  "ctp_balance": NaN,
  "currency": "CNY",
  "deposit": 0.0,
  "float_profit": -20680.31133652832,
  "frozen_commission": 0.0,
  "frozen_margin": 0.0,
  "frozen_premium": 0.0,
  "margin": 762076.25,
  "market_value": 0.0,
  "position_profit": -22330.555555555315,
  "pre_balance": 15282918.844640031,
  "pre_option_market_value": 0.0,
  "premium": 0.0,
  "risk_ratio": 0.050017959440783404,
  "static_balance": 15282918.844640031,
  "user_id": "b007dd74-7bf0-43bb-a431-189ca91ff1d4",
  "withdraw": 0.0
}